particle_number,pi
100001,3.141529
200001,3.139564
300001,3.141616
400001,3.140372
500001,3.139778
600001,3.140328
700001,3.140978
800001,3.142036
900001,3.142085
1000001,3.141665
1100001,3.141626
1200001,3.141827
1300001,3.142302
1400001,3.142323
1500001,3.141966
1600001,3.141728
1700001,3.141906
1800001,3.141960
1900001,3.141792
2000001,3.141900
2100001,3.141421
2200001,3.141426
2300001,3.141679
2400001,3.141604
2500001,3.141552
2600001,3.141543
2700001,3.141154
2800001,3.141187
2900001,3.141031
3000001,3.141060
3100001,3.140800
3200001,3.140787
3300001,3.140536
3400001,3.140614
3500001,3.140424
3600001,3.140452
3700001,3.140615
3800001,3.140512
3900001,3.140420
4000001,3.140523
4100001,3.140549
4200001,3.140840
4300001,3.140827
4400001,3.141040
4500001,3.141150
4600001,3.141030
4700001,3.141015
4800001,3.140858
4900001,3.140962
5000001,3.140899
5100001,3.140955
5200001,3.140979
5300001,3.140974
5400001,3.141057
5500001,3.141010
5600001,3.141029
5700001,3.140931
5800001,3.140890
5900001,3.140860
6000001,3.140919
6100001,3.140836
6200001,3.140925
6300001,3.140900
6400001,3.140963
6500001,3.141041
6600001,3.141144
6700001,3.141168
6800001,3.141167
6900001,3.141208
7000001,3.141164
7100001,3.141219
7200001,3.141237
7300001,3.141266
7400001,3.141328
7500001,3.141335
7600001,3.141305
7700001,3.141272
7800001,3.141251
7900001,3.141182
8000001,3.141252
8100001,3.141303
8200001,3.141269
8300001,3.141242
8400001,3.141297
8500001,3.141247
8600001,3.141297
8700001,3.141238
8800001,3.141247
8900001,3.141298
9000001,3.141248
9100001,3.141282
9200001,3.141246
9300001,3.141136
9400001,3.141060
9500001,3.141186
9600001,3.141246
9700001,3.141235
9800001,3.141208
9900001,3.141206
10000001,3.141130
10100001,3.141095
10200001,3.141078
10300001,3.141020
10400001,3.141049
10500001,3.141013
10600001,3.141013
10700001,3.141015
10800001,3.140996
10900001,3.141035
11000001,3.141052
11100001,3.141024
11200001,3.140989
11300001,3.141014
11400001,3.141072
11500001,3.141126
11600001,3.141197
11700001,3.141229
11800001,3.141189
11900001,3.141167
12000001,3.141183
12100001,3.141205
12200001,3.141221
12300001,3.141324
12400001,3.141365
12500001,3.141380
12600001,3.141423
12700001,3.141417
12800001,3.141388
12900001,3.141444
13000001,3.141560
13100001,3.141560
13200001,3.141551
13300001,3.141584
13400001,3.141558
13500001,3.141544
13600001,3.141600
13700001,3.141609
13800001,3.141626
13900001,3.141622
14000001,3.141624
14100001,3.141619
14200001,3.141612
14300001,3.141636
14400001,3.141627
14500001,3.141604
14600001,3.141598
14700001,3.141563
14800001,3.141533
14900001,3.141518
15000001,3.141425
15100001,3.141410
15200001,3.141455
15300001,3.141494
15400001,3.141527
15500001,3.141539
15600001,3.141511
15700001,3.141445
15800001,3.141466
15900001,3.141468
16000001,3.141503
16100001,3.141546
16200001,3.141524
16300001,3.141486
16400001,3.141488
16500001,3.141420
16600001,3.141382
16700001,3.141436
16800001,3.141446
16900001,3.141417
17000001,3.141407
17100001,3.141422
17200001,3.141399
17300001,3.141392
17400001,3.141432
17500001,3.141427
17600001,3.141397
17700001,3.141355
17800001,3.141354
17900001,3.141318
18000001,3.141331
18100001,3.141318
18200001,3.141390
18300001,3.141370
18400001,3.141341
18500001,3.141300
18600001,3.141331
18700001,3.141306
18800001,3.141338
18900001,3.141332
19000001,3.141319
19100001,3.141322
19200001,3.141301
19300001,3.141292
19400001,3.141299
19500001,3.141303
19600001,3.141321
19700001,3.141332
19800001,3.141306
19900001,3.141311
20000001,3.141256
20100001,3.141255
20200001,3.141265
20300001,3.141302
20400001,3.141320
20500001,3.141327
20600001,3.141342
20700001,3.141395
20800001,3.141382
20900001,3.141399
21000001,3.141357
21100001,3.141368
21200001,3.141339
21300001,3.141320
21400001,3.141332
21500001,3.141359
21600001,3.141354
21700001,3.141352
21800001,3.141362
21900001,3.141366
22000001,3.141417
22100001,3.141421
22200001,3.141440
22300001,3.141413
22400001,3.141456
22500001,3.141462
22600001,3.141460
22700001,3.141475
22800001,3.141465
22900001,3.141492
23000001,3.141519
23100001,3.141505
23200001,3.141506
23300001,3.141545
23400001,3.141525
23500001,3.141518
23600001,3.141474
23700001,3.141431
23800001,3.141433
23900001,3.141427
24000001,3.141396
24100001,3.141381
24200001,3.141381
24300001,3.141354
24400001,3.141363
24500001,3.141354
24600001,3.141378
24700001,3.141391
24800001,3.141402
24900001,3.141393
25000001,3.141403
25100001,3.141398
25200001,3.141428
25300001,3.141422
25400001,3.141408
25500001,3.141378
25600001,3.141343
25700001,3.141359
25800001,3.141366
25900001,3.141349
26000001,3.141383
26100001,3.141419
26200001,3.141407
26300001,3.141395
26400001,3.141354
26500001,3.141356
26600001,3.141346
26700001,3.141362
26800001,3.141320
26900001,3.141346
27000001,3.141332
27100001,3.141351
27200001,3.141377
27300001,3.141405
27400001,3.141412
27500001,3.141395
27600001,3.141397
27700001,3.141416
27800001,3.141436
27900001,3.141455
28000001,3.141439
28100001,3.141431
28200001,3.141443
28300001,3.141430
28400001,3.141457
28500001,3.141468
28600001,3.141454
28700001,3.141494
28800001,3.141519
28900001,3.141468
29000001,3.141452
29100001,3.141471
29200001,3.141472
29300001,3.141454
29400001,3.141440
29500001,3.141436
29600001,3.141443
29700001,3.141455
29800001,3.141464
29900001,3.141475
30000001,3.141463
30100001,3.141466
30200001,3.141457
30300001,3.141471
30400001,3.141498
30500001,3.141500
30600001,3.141505
30700001,3.141493
30800001,3.141494
30900001,3.141500
31000001,3.141482
31100001,3.141495
31200001,3.141478
31300001,3.141482
31400001,3.141484
31500001,3.141474
31600001,3.141464
31700001,3.141476
31800001,3.141491
31900001,3.141519
32000001,3.141490
32100001,3.141480
32200001,3.141469
32300001,3.141475
32400001,3.141458
32500001,3.141448
32600001,3.141465
32700001,3.141469
32800001,3.141478
32900001,3.141454
33000001,3.141459
33100001,3.141444
33200001,3.141445
33300001,3.141439
33400001,3.141453
33500001,3.141459
33600001,3.141450
33700001,3.141439
33800001,3.141439
33900001,3.141458
34000001,3.141451
34100001,3.141436
34200001,3.141443
34300001,3.141436
34400001,3.141413
34500001,3.141426
34600001,3.141432
34700001,3.141414
34800001,3.141404
34900001,3.141399
35000001,3.141379
35100001,3.141390
35200001,3.141390
35300001,3.141382
35400001,3.141381
35500001,3.141345
35600001,3.141320
35700001,3.141348
35800001,3.141350
35900001,3.141388
36000001,3.141367
36100001,3.141375
36200001,3.141368
36300001,3.141365
36400001,3.141355
36500001,3.141335
36600001,3.141339
36700001,3.141356
36800001,3.141352
36900001,3.141359
37000001,3.141364
37100001,3.141357
37200001,3.141353
37300001,3.141356
37400001,3.141334
37500001,3.141325
37600001,3.141298
37700001,3.141291
37800001,3.141284
37900001,3.141284
38000001,3.141268
38100001,3.141265
38200001,3.141295
38300001,3.141306
38400001,3.141297
38500001,3.141317
38600001,3.141328
38700001,3.141318
38800001,3.141303
38900001,3.141324
39000001,3.141340
39100001,3.141336
39200001,3.141358
39300001,3.141357
39400001,3.141353
39500001,3.141343
39600001,3.141369
39700001,3.141364
39800001,3.141377
39900001,3.141380
40000001,3.141399
40100001,3.141392
40200001,3.141422
40300001,3.141415
40400001,3.141403
40500001,3.141405
40600001,3.141406
40700001,3.141377
40800001,3.141374
40900001,3.141376
41000001,3.141381
41100001,3.141372
41200001,3.141354
41300001,3.141336
41400001,3.141354
41500001,3.141371
41600001,3.141364
41700001,3.141381
41800001,3.141364
41900001,3.141358
42000001,3.141366
42100001,3.141376
42200001,3.141379
42300001,3.141382
42400001,3.141372
42500001,3.141349
42600001,3.141369
42700001,3.141378
42800001,3.141384
42900001,3.141367
43000001,3.141377
43100001,3.141381
43200001,3.141384
43300001,3.141355
43400001,3.141364
43500001,3.141385
43600001,3.141399
43700001,3.141398
43800001,3.141399
43900001,3.141403
44000001,3.141401
44100001,3.141396
44200001,3.141410
44300001,3.141413
44400001,3.141402
44500001,3.141407
44600001,3.141427
44700001,3.141439
44800001,3.141444
44900001,3.141441
45000001,3.141456
45100001,3.141442
45200001,3.141444
45300001,3.141443
45400001,3.141429
45500001,3.141433
45600001,3.141420
45700001,3.141416
45800001,3.141421
45900001,3.141422
46000001,3.141402
46100001,3.141400
46200001,3.141411
46300001,3.141388
46400001,3.141410
46500001,3.141427
46600001,3.141414
46700001,3.141440
46800001,3.141452
46900001,3.141451
47000001,3.141459
47100001,3.141448
47200001,3.141443
47300001,3.141455
47400001,3.141440
47500001,3.141440
47600001,3.141426
47700001,3.141437
47800001,3.141445
47900001,3.141458
48000001,3.141457
48100001,3.141459
48200001,3.141479
48300001,3.141473
48400001,3.141467
48500001,3.141469
48600001,3.141486
48700001,3.141484
48800001,3.141478
48900001,3.141466
49000001,3.141468
49100001,3.141457
49200001,3.141470
49300001,3.141465
49400001,3.141456
49500001,3.141466
49600001,3.141465
49700001,3.141477
49800001,3.141470
49900001,3.141471
50000001,3.141468
50100001,3.141454
50200001,3.141439
50300001,3.141446
50400001,3.141443
50500001,3.141452
50600001,3.141453
50700001,3.141434
50800001,3.141449
50900001,3.141437
51000001,3.141449
51100001,3.141447
51200001,3.141455
51300001,3.141452
51400001,3.141463
51500001,3.141467
51600001,3.141477
51700001,3.141466
51800001,3.141454
51900001,3.141448
52000001,3.141446
52100001,3.141465
52200001,3.141480
52300001,3.141454
52400001,3.141455
52500001,3.141455
52600001,3.141437
52700001,3.141440
52800001,3.141439
52900001,3.141452
53000001,3.141457
53100001,3.141466
53200001,3.141458
53300001,3.141470
53400001,3.141476
53500001,3.141472
53600001,3.141478
53700001,3.141486
53800001,3.141475
53900001,3.141459
54000001,3.141452
54100001,3.141440
54200001,3.141439
54300001,3.141438
54400001,3.141454
54500001,3.141441
54600001,3.141444
54700001,3.141445
54800001,3.141428
54900001,3.141417
55000001,3.141430
55100001,3.141431
55200001,3.141425
55300001,3.141439
55400001,3.141434
55500001,3.141433
55600001,3.141423
55700001,3.141417
55800001,3.141412
55900001,3.141410
56000001,3.141415
56100001,3.141414
56200001,3.141409
56300001,3.141394
56400001,3.141389
56500001,3.141371
56600001,3.141379
56700001,3.141378
56800001,3.141377
56900001,3.141368
57000001,3.141359
57100001,3.141355
57200001,3.141354
57300001,3.141361
57400001,3.141367
57500001,3.141381
57600001,3.141375
57700001,3.141364
57800001,3.141359
57900001,3.141351
58000001,3.141351
58100001,3.141354
58200001,3.141361
58300001,3.141350
58400001,3.141331
58500001,3.141330
58600001,3.141336
58700001,3.141332
58800001,3.141331
58900001,3.141339
59000001,3.141342
59100001,3.141341
59200001,3.141352
59300001,3.141356
59400001,3.141351
59500001,3.141363
59600001,3.141370
59700001,3.141370
59800001,3.141384
59900001,3.141390
60000001,3.141391
60100001,3.141390
60200001,3.141376
60300001,3.141367
60400001,3.141370
60500001,3.141361
60600001,3.141355
60700001,3.141352
60800001,3.141352
60900001,3.141350
61000001,3.141338
61100001,3.141345
61200001,3.141350
61300001,3.141355
61400001,3.141348
61500001,3.141350
61600001,3.141353
61700001,3.141349
61800001,3.141333
61900001,3.141330
62000001,3.141333
62100001,3.141326
62200001,3.141328
62300001,3.141343
62400001,3.141354
62500001,3.141343
62600001,3.141358
62700001,3.141354
62800001,3.141361
62900001,3.141347
63000001,3.141364
63100001,3.141379
63200001,3.141383
63300001,3.141381
63400001,3.141375
63500001,3.141382
63600001,3.141375
63700001,3.141376
63800001,3.141377
63900001,3.141379
64000001,3.141380
64100001,3.141384
64200001,3.141392
64300001,3.141393
64400001,3.141399
64500001,3.141395
64600001,3.141388
64700001,3.141390
64800001,3.141382
64900001,3.141375
65000001,3.141395
65100001,3.141397
65200001,3.141389
65300001,3.141399
65400001,3.141389
65500001,3.141383
65600001,3.141392
65700001,3.141398
65800001,3.141394
65900001,3.141397
66000001,3.141400
66100001,3.141413
66200001,3.141398
66300001,3.141391
66400001,3.141402
66500001,3.141396
66600001,3.141390
66700001,3.141392
66800001,3.141400
66900001,3.141394
67000001,3.141402
67100001,3.141398
67200001,3.141399
67300001,3.141404
67400001,3.141415
67500001,3.141436
67600001,3.141431
67700001,3.141423
67800001,3.141424
67900001,3.141426
68000001,3.141427
68100001,3.141426
68200001,3.141435
68300001,3.141434
68400001,3.141438
68500001,3.141445
68600001,3.141442
68700001,3.141455
68800001,3.141446
68900001,3.141457
69000001,3.141468
69100001,3.141475
69200001,3.141461
69300001,3.141469
69400001,3.141469
69500001,3.141475
69600001,3.141476
69700001,3.141486
69800001,3.141484
69900001,3.141480
70000001,3.141485
70100001,3.141490
70200001,3.141481
70300001,3.141492
70400001,3.141495
70500001,3.141487
70600001,3.141489
70700001,3.141483
70800001,3.141482
70900001,3.141499
71000001,3.141499
71100001,3.141500
71200001,3.141493
71300001,3.141485
71400001,3.141481
71500001,3.141492
71600001,3.141491
71700001,3.141489
71800001,3.141494
71900001,3.141498
72000001,3.141511
72100001,3.141523
72200001,3.141517
72300001,3.141514
72400001,3.141511
72500001,3.141512
72600001,3.141509
72700001,3.141508
72800001,3.141521
72900001,3.141514
73000001,3.141526
73100001,3.141542
73200001,3.141553
73300001,3.141561
73400001,3.141561
73500001,3.141564
73600001,3.141582
73700001,3.141578
73800001,3.141568
73900001,3.141562
74000001,3.141567
74100001,3.141589
74200001,3.141589
74300001,3.141591
74400001,3.141583
74500001,3.141575
74600001,3.141572
74700001,3.141581
74800001,3.141586
74900001,3.141574
75000001,3.141570
75100001,3.141576
75200001,3.141575
75300001,3.141590
75400001,3.141589
75500001,3.141575
75600001,3.141571
75700001,3.141566
75800001,3.141565
75900001,3.141563
76000001,3.141553
76100001,3.141544
76200001,3.141545
76300001,3.141558
76400001,3.141540
76500001,3.141536
76600001,3.141531
76700001,3.141505
76800001,3.141508
76900001,3.141506
77000001,3.141509
77100001,3.141520
77200001,3.141522
77300001,3.141529
77400001,3.141527
77500001,3.141526
77600001,3.141525
77700001,3.141534
77800001,3.141542
77900001,3.141543
78000001,3.141544
78100001,3.141543
78200001,3.141544
78300001,3.141548
78400001,3.141552
78500001,3.141544
78600001,3.141537
78700001,3.141553
78800001,3.141548
78900001,3.141555
79000001,3.141566
79100001,3.141571
79200001,3.141572
79300001,3.141568
79400001,3.141578
79500001,3.141580
79600001,3.141578
79700001,3.141586
79800001,3.141594
79900001,3.141597
80000001,3.141589
80100001,3.141581
80200001,3.141588
80300001,3.141585
80400001,3.141577
80500001,3.141581
80600001,3.141583
80700001,3.141582
80800001,3.141607
80900001,3.141615
81000001,3.141621
81100001,3.141610
81200001,3.141615
81300001,3.141609
81400001,3.141604
81500001,3.141610
81600001,3.141607
81700001,3.141610
81800001,3.141613
81900001,3.141610
82000001,3.141610
82100001,3.141604
82200001,3.141609
82300001,3.141610
82400001,3.141619
82500001,3.141626
82600001,3.141617
82700001,3.141628
82800001,3.141639
82900001,3.141634
83000001,3.141640
83100001,3.141640
83200001,3.141637
83300001,3.141643
83400001,3.141640
83500001,3.141629
83600001,3.141635
83700001,3.141638
83800001,3.141645
83900001,3.141649
84000001,3.141650
84100001,3.141651
84200001,3.141655
84300001,3.141659
84400001,3.141664
84500001,3.141666
84600001,3.141672
84700001,3.141669
84800001,3.141670
84900001,3.141666
85000001,3.141663
85100001,3.141668
85200001,3.141676
85300001,3.141674
85400001,3.141679
85500001,3.141678
85600001,3.141669
85700001,3.141676
85800001,3.141678
85900001,3.141685
86000001,3.141684
86100001,3.141676
86200001,3.141679
86300001,3.141673
86400001,3.141673
86500001,3.141665
86600001,3.141664
86700001,3.141655
86800001,3.141658
86900001,3.141656
87000001,3.141660
87100001,3.141679
87200001,3.141679
87300001,3.141681
87400001,3.141677
87500001,3.141690
87600001,3.141685
87700001,3.141689
87800001,3.141697
87900001,3.141696
88000001,3.141683
88100001,3.141681
88200001,3.141682
88300001,3.141674
88400001,3.141674
88500001,3.141682
88600001,3.141689
88700001,3.141693
88800001,3.141680
88900001,3.141671
89000001,3.141665
89100001,3.141657
89200001,3.141655
89300001,3.141649
89400001,3.141656
89500001,3.141653
89600001,3.141659
89700001,3.141658
89800001,3.141663
89900001,3.141672
90000001,3.141663
90100001,3.141668
90200001,3.141680
90300001,3.141685
90400001,3.141691
90500001,3.141691
90600001,3.141688
90700001,3.141689
90800001,3.141694
90900001,3.141701
91000001,3.141714
91100001,3.141711
91200001,3.141707
91300001,3.141706
91400001,3.141705
91500001,3.141711
91600001,3.141708
